<?xml version="1.0" encoding="UTF-8"?>
<!DOCTYPE mapper PUBLIC "-//mybatis.org//DTD Mapper 3.0//EN" "http://mybatis.org/dtd/mybatis-3-mapper.dtd">
<mapper namespace="com.zoe.optimus.service.message.dao.MessageDao">
	<insert id="addMessage">
		 insert into zyportal.message_dict
		   (message_id,
		    message_subject,
		    message_body,
		    message_type,
		    message_from,
		    message_to,
		    send_time,
		    read_flag,
		    remark)
		 values
		   (#{messageId},
		    #{messageSubject},
		    #{messageBody},
		    #{messageType},
		    #{messageFrom},
		    #{messageTo},
		    to_date(#{sendTime},'yyyy-MM-dd hh24:mi:ss'),
		    #{readFlag},
		    #{remark})
	</insert>
	
	<update id="updateReadFlag">
		update zyportal.MESSAGE_DICT t
		   set t.read_flag = '1'
		 where 
		 <if test="messageId != null and messageId != ''">
		 	t.message_id = #{messageId}
		 </if>
		 <if test="messageIds != null">
		 	t.message_id in
		 	<foreach item="item" index="index" collection="messageIds" open="(" separator="," close=")">  
			  	#{item}  
			</foreach>
		 </if>
	</update>
	
	<select id="findMessages" resultType="HashMap">
		select t.message_id as "messageId",
		       t.message_subject as "messageSubject",
		       t.message_body as "messageBody",
		       t.message_type as "messageType",
		       t.message_from as "messageFrom",
		       t.message_to as "messageTo",
		       to_char(t.send_time,'yyyy-mm-dd hh24:mi:ss') as "sendTime",
		       t.read_flag as "readFlag",
		       t.remark as "remark"
		  from zyportal.MESSAGE_DICT t
		 where 1=1
		   and t.read_flag = '0'
		   and t.message_to = #{messageTo}
		 order by t.send_time
	</select>
</mapper>