<?xml version="1.0" encoding="UTF-8"?>
<Configuration shutdownHook="disable">
    <Properties>
        <property name="pattern">%date{yyyy-MM-dd HH:mm:ss} [%-5level] %class.%method - %msg%n%ex</property>
        <!--<property name="pattern">%date{yyyy-MM-dd HH:mm:ss} [%-5level] %class.%method(%file:%line) - %msg%n%ex</property>-->
        <property name="size">50 MB</property>
    </Properties>
    <Appenders>
        <Console name="console" target="SYSTEM_OUT">
            <PatternLayout pattern="${pattern}"/>
        </Console>
        <RollingFile name="file.info" fileName="logs/zoe.log" filePattern="logs/zoe-%d{MM-dd-yyyy}.log.gz">
            <PatternLayout pattern="${pattern}"/>
            <SizeBasedTriggeringPolicy size="${size}"/>
            <Filters>
                <ThresholdFilter level="error" onMatch="DENY" onMismatch="NEUTRAL"/>
                <ThresholdFilter level="info" onMatch="ACCEPT" onMismatch="DENY"/>
            </Filters>
        </RollingFile>
        <RollingFile name="file.error" fileName="logs/zoe-error.log" filePattern="logs/app-error-%d{MM-dd-yyyy}.log.gz">
            <PatternLayout pattern="${pattern}"/>
            <SizeBasedTriggeringPolicy size="${size}"/>
            <Filters>
                <ThresholdFilter level="error" onMatch="ACCEPT" onMismatch="DENY"/>
            </Filters>
        </RollingFile>
    </Appenders>
    <Loggers>
        <Root level="INFO">
            <AppenderRef ref="console"/>
        </Root>
        <Logger name="com.zoe.optimus" level="INFO">
            <appender-ref ref="file.info"/>
            <appender-ref ref="file.error"/>
        </Logger>
        <logger name="org.springframework" level="INFO">
            <appender-ref ref="file.info"/>
            <appender-ref ref="file.error"/>
        </logger>
    </Loggers>
</Configuration>