<?xml version="1.0" encoding="UTF-8"?>
<beans xmlns="http://www.springframework.org/schema/beans"
       xmlns:xsi="http://www.w3.org/2001/XMLSchema-instance"
       xmlns:context="http://www.springframework.org/schema/context"
       xmlns:aop="http://www.springframework.org/schema/aop"
       xmlns:util="http://www.springframework.org/schema/util"
       xsi:schemaLocation="http://www.springframework.org/schema/beans http://www.springframework.org/schema/beans/spring-beans-4.0.xsd
		http://www.springframework.org/schema/context http://www.springframework.org/schema/context/spring-context-4.0.xsd
		http://www.springframework.org/schema/util http://www.springframework.org/schema/util/spring-util-4.0.xsd
		http://www.springframework.org/schema/aop http://www.springframework.org/schema/aop/spring-aop.xsd"
       default-lazy-init="true">

    <description>Spring Configuration</description>

    <!-- 加载配置属性文件 -->
    <context:property-placeholder ignore-unresolvable="true" location="classpath:application.properties"/>

    <!-- 加载应用属性实例，可通过  @Value("#{APP_PROP['jdbc.driver']}") String jdbcDriver 方式引用 -->
    <util:properties id="APP_PROP" location="classpath:application.properties" local-override="true"/>

    <aop:aspectj-autoproxy/>

    <!-- 使用Annotation自动注册Bean，解决事物失效问题：在主容器中不扫描@Controller注解，在SpringMvc中只扫描@Controller注解。  -->
    <context:component-scan base-package="com.zoe.optimus"><!-- base-package 如果多个，用“,”分隔 -->
        <context:exclude-filter type="annotation" expression="org.springframework.stereotype.Controller"/>
    </context:component-scan>

    <!-- 配置 JSR303 Bean Validator 定义 -->
    <bean id="validator" class="org.springframework.validation.beanvalidation.LocalValidatorFactoryBean"/>

</beans>