<?xml version="1.0" encoding="UTF-8"?>
<beans xmlns="http://www.springframework.org/schema/beans"
       xmlns:xsi="http://www.w3.org/2001/XMLSchema-instance"
       xmlns:jaxws="http://cxf.apache.org/jaxws"
       xsi:schemaLocation="
       http://www.springframework.org/schema/beans
       http://www.springframework.org/schema/beans/spring-beans.xsd
       http://cxf.apache.org/jaxws
       http://cxf.apache.org/schemas/jaxws.xsd">

    <import resource="classpath:META-INF/cxf/cxf.xml"/>
    <import resource="classpath:META-INF/cxf/cxf-servlet.xml"/>
    
    <!--webservice服务-->
    <jaxws:endpoint id="dispatch" address="/dispatcher" implementor="com.zoe.optimus.service.message.ws.Dispatcher">
        <jaxws:properties>
            <!--返回错误详细信息-->
            <entry key="ws-security.return.security.error" value="true"/>
            <entry key="ws-security.is-bsp-compliant" value="false"/>
        </jaxws:properties>
        <jaxws:features>
            <!--打开日志功能-->
            <bean class="org.apache.cxf.feature.LoggingFeature"/>
        </jaxws:features>
    </jaxws:endpoint>
</beans>
