<?xml version="1.0" encoding="UTF-8"?>
<beans xmlns="http://www.springframework.org/schema/beans"
       xmlns:xsi="http://www.w3.org/2001/XMLSchema-instance"
       xmlns:context="http://www.springframework.org/schema/context"
       xmlns:tx="http://www.springframework.org/schema/tx" xmlns:aop="http://www.springframework.org/schema/aop"
       xsi:schemaLocation="http://www.springframework.org/schema/beans http://www.springframework.org/schema/beans/spring-beans-4.0.xsd
		http://www.springframework.org/schema/context http://www.springframework.org/schema/context/spring-context-4.0.xsd
		http://www.springframework.org/schema/tx http://www.springframework.org/schema/tx/spring-tx-4.0.xsd http://www.springframework.org/schema/aop http://www.springframework.org/schema/aop/spring-aop.xsd"
       default-lazy-init="true">

    <!-- 加载配置属性文件 -->
    <context:property-placeholder ignore-unresolvable="true" location="classpath:db.properties"/>

    <bean id="dataSource" class="com.alibaba.druid.pool.DruidDataSource" init-method="init" destroy-method="close">
        <!-- 数据源驱动类可不写，Druid默认会自动根据URL识别DriverClass -->
        <property name="driverClassName" value="${jdbc.driver}" />
        <!-- 基本属性 url、user、password -->
        <property name="url" value="${jdbc.url}" />
        <property name="username" value="${jdbc.username}" />
        <property name="password" value="${jdbc.password}" />
        <!-- 配置初始化大小、最小、最大 -->
        <property name="initialSize" value="${jdbc.pool.init}" />
        <property name="minIdle" value="${jdbc.pool.minIdle}" />
        <property name="maxActive" value="${jdbc.pool.maxActive}" />

        <!-- 配置获取连接等待超时的时间 -->
        <property name="maxWait" value="60000" />

        <!-- 配置间隔多久才进行一次检测，检测需要关闭的空闲连接，单位是毫秒 -->
        <property name="timeBetweenEvictionRunsMillis" value="60000" />

        <!-- 配置一个连接在池中最小生存的时间，单位是毫秒 -->
        <property name="minEvictableIdleTimeMillis" value="300000" />

        <property name="validationQuery" value="${jdbc.testSql}" />
        <property name="testWhileIdle" value="true" />
        <property name="testOnBorrow" value="false" />
        <property name="testOnReturn" value="false" />

        <!-- 长时间不使用的连接强制关闭 -->
        <property name="removeAbandoned" value="true" />
        <!-- 配置开始关闭空闲连接的时间，单位是秒 -->
        <property name="removeAbandonedTimeoutMillis" value="900" />
        <!-- 是否将关闭操作进行日志打印 -->
        <property name="logAbandoned" value="false" />

        <!-- 打开PSCache，并且指定每个连接上PSCache的大小（Oracle使用）
        <property name="poolPreparedStatements" value="true" />
        <property name="maxPoolPreparedStatementPerConnectionSize" value="20" /> -->

        <!-- 配置监控统计拦截的filters -->
        <property name="filters" value="stat" />
    </bean>

    <!-- MyBatis begin -->
    <bean id="sqlSessionFactory" class="org.mybatis.spring.SqlSessionFactoryBean">
        <property name="dataSource" ref="dataSource"/>
        <property name="typeAliasesPackage" value="com.zoe.optimus"/>
        <property name="typeAliasesSuperType" value="com.zoe.optimus.service.message.entity.BaseEntity"/>
        <property name="mapperLocations" value="classpath*:mappings/**/*.xml"/>
        <property name="configLocation" value="classpath:/mybatis-config.xml"/>
    </bean>

    <!-- 扫描basePackage下所有以@MyBatisDao注解的接口 -->
    <bean id="mapperScannerConfigurer" class="org.mybatis.spring.mapper.MapperScannerConfigurer">
        <property name="sqlSessionFactoryBeanName" value="sqlSessionFactory"/>
        <property name="basePackage" value="com.zoe.optimus"/>
        <property name="annotationClass" value="com.zoe.optimus.service.message.annotation.MyBatisDao"/>
    </bean>
    <!-- MyBatis end -->

    <!-- 定义事务 -->
    <bean id="transactionManager" class="org.springframework.jdbc.datasource.DataSourceTransactionManager">
        <property name="dataSource" ref="dataSource"/>
    </bean>

    <!-- 配置 Annotation 驱动，扫描@Transactional注解的类定义事务  -->
    <tx:annotation-driven transaction-manager="transactionManager" proxy-target-class="true"/>
</beans>