<?xml version="1.0" encoding="UTF-8"?>
<beans xmlns="http://www.springframework.org/schema/beans"
	xmlns:mvc="http://www.springframework.org/schema/mvc" 
	xmlns:xsi="http://www.w3.org/2001/XMLSchema-instance" 
	xmlns:p="http://www.springframework.org/schema/p" 
	xmlns:context="http://www.springframework.org/schema/context" 
	xmlns:cache="http://www.springframework.org/schema/cache" 
	xmlns:task="http://www.springframework.org/schema/task"
	
	xsi:schemaLocation="http://www.springframework.org/schema/beans 
	http://www.springframework.org/schema/beans/spring-beans.xsd 
	http://www.springframework.org/schema/context 
	http://www.springframework.org/schema/context/spring-context.xsd 
	http://www.springframework.org/schema/mvc 
	http://www.springframework.org/schema/mvc/spring-mvc.xsd
	http://www.springframework.org/schema/cache   
	http://www.springframework.org/schema/cache/spring-cache.xsd
	http://www.springframework.org/schema/task http://www.springframework.org/schema/task/spring-task.xsd
">

	<!-- 配置1： 自动扫描controller包下的所有类，使其认为spring mvc的控制器 
	<context:component-scan base-package="com.surpass" resource-pattern="com.surpass..controller.*Controller" />
	-->
	<context:component-scan base-package="com.sirding" >
	    <!-- <context:include-filter type="annotation" expression="org.springframework.stereotype.Controller" /> 
	  	<context:exclude-filter type="annotation" expression="org.springframework.stereotype.Service" />
	  	<context:exclude-filter type="annotation" expression="org.springframework.stereotype.Repository" /> -->
  	</context:component-scan>
  	<task:annotation-driven/>
    <import resource="spring-websocket.xml"/>
    
    
    <!-- 配置解析webjars资源 -->
    <!-- <mvc:resources mapping="/webjars/**" location="classpath:/META-INF/resources/webjars/"> -->
    <mvc:annotation-driven/>
    <mvc:default-servlet-handler/>
    <mvc:resources mapping="/resources/**" location="/resources/"/>
    <mvc:resources mapping="/webjars/**" location="/webjars/">
    	<mvc:resource-chain resource-cache="true">
    		<mvc:resolvers>
    			<bean class="org.springframework.web.servlet.resource.WebJarsResourceResolver"></bean>
    			<bean class="org.springframework.web.servlet.resource.PathResourceResolver"></bean>
    		</mvc:resolvers>
    	</mvc:resource-chain>
    </mvc:resources>
    
	<bean id="jspViewResolver" class="org.springframework.web.servlet.view.InternalResourceViewResolver">
		<description>初始化jsp视图解析器 </description>
		<property name="prefix" value="/WEB-INF/"></property>
		<property name="suffix" value=".jsp"></property>
		<property name="order" value="5"></property>
	</bean>
</beans>
